i,w,j1,j2,factor_e,exact_e_0,factor_c,calc_e_0,rad
0,0,0.0,1.0,0.2857142857142857,-22.841434054773558,0.2862585034013604,-22.7499735587942,0.0
1,1,0.0174524064372835,0.9998476951563912,0.2857194864098529,-22.888451508741777,0.286439909297052,-22.730314521255668,0.0055555555555555
2,2,0.0348994967025009,0.9993908270190958,0.2857350701239408,-22.92978099462231,0.285986394557823,-22.8351454523284,0.0111111111111111
3,3,0.0523359562429438,0.9986295347545738,0.2857610497136205,-22.96540819432714,0.2862131519274375,-22.76513865114982,0.0166666666666666
4,4,0.0697564737441253,0.9975640502598242,0.2857974941890631,-22.995321361316996,0.2858503401360542,-22.91411850954958,0.0222222222222222
5,5,0.0871557427476581,0.9961946980917455,0.2858445320725357,-23.019511346539375,0.2868027210884353,-22.788336344017747,0.0277777777777777
6,6,0.1045284632676534,0.9945218953682732,0.2859023554657064,-23.03797162664832,0.2859410430839,-22.846120482997748,0.0333333333333333
7,7,0.1218693434051474,0.992546151641322,0.2859712249284333,-23.050698334839105,0.2859410430839,-22.52009379008117,0.0388888888888888
8,8,0.1391731009600654,0.9902680687415704,0.2860514752929077,-23.057690294676306,0.285986394557823,-22.622830424791392,0.0444444444444444
9,9,0.1564344650402308,0.9876883405951378,0.2861435225622618,-23.058949057351636,0.2860317460317458,-22.78002864821508,0.05
10,10,0.1736481776669303,0.984807753012208,0.2862478720733574,-23.054478942871373,0.2860317460317458,-22.844037496338743,0.0555555555555555
11,11,0.1908089953765448,0.981627183447664,0.2863651281408961,-23.04428708575065,0.2862131519274375,-22.771320152969007,0.0611111111111111
12,12,0.2079116908177593,0.9781476007338056,0.2864960054459985,-23.02838348588416,0.2863038548752833,-22.75083772846877,0.0666666666666666
13,13,0.224951054343865,0.9743700647852352,0.2866413424890259,-23.006781065371108,0.2867573696145123,-22.717914683883883,0.0722222222222222
14,14,0.2419218955996677,0.9702957262759964,0.2868021174965952,-22.979495732200807,0.2863038548752833,-22.673823121511727,0.0777777777777777
15,15,0.2588190451025207,0.9659258262890684,0.286979467260026,-22.94654645186271,0.2886167800453513,-20.80232323181649,0.0833333333333333
16,16,0.2756373558169991,0.9612616959383188,0.2871747094914685,-22.90795532812889,0.2866666666666665,-22.31728537458991,0.0888888888888888
17,17,0.2923717047227367,0.9563047559630354,0.2873893694208906,-22.86374769448476,0.2871201814058955,-21.561128423051205,0.0944444444444444
18,18,0.3090169943749474,0.9510565162951536,0.2876252115297435,-22.813952217955183,0.286439909297052,-22.547610965780542,0.1
19,19,0.3255681544571567,0.9455185755993168,0.287884277536044,-22.75860101740709,0.2864852607709749,-22.053439963844983,0.1055555555555555
20,20,0.3420201433256687,0.9396926207859084,0.2881689320245522,-22.69772979881633,0.2875736961451245,-22.601548374700837,0.1111111111111111
21,21,0.3583679495453002,0.9335804264972016,0.2884819174730335,-22.631378010487133,0.2865306122448978,-22.31011063440524,0.1166666666666666
22,22,0.374606593415912,0.9271838545667874,0.2888264208860026,-22.5595890218329,0.2867120181405894,-21.73693211377763,0.1222222222222222
23,23,0.3907311284892737,0.9205048534524404,0.2892061548436941,-22.48241033009356,0.2893424036281178,-20.610856915519392,0.1277777777777777
24,24,0.4067366430758002,0.9135454576426008,0.2896254565515194,-22.399893800329032,0.2865759637188207,-22.167028257152687,0.1333333333333333
25,25,0.4226182617406994,0.90630778703665,0.2900894094948638,-22.31209594523436,0.2874829931972787,-21.32867365179532,0.1388888888888889
26,26,0.4383711467890774,0.898794046299167,0.2906039936502521,-22.219078252851297,0.2953741496598639,-21.09118853226908,0.1444444444444444
27,27,0.4539904997395467,0.8910065241883679,0.2911762719929955,-22.12090757219564,0.2875283446712017,-21.35437493793756,0.15
28,28,0.4694715627858908,0.882947592858927,0.2918146234363081,-22.017656569314056,0.2952380952380952,-21.657944136761916,0.1555555555555555
29,29,0.484809620246337,0.8746197071393957,0.2925290355660071,-21.90940426949869,0.3005442176870748,-20.361016759122645,0.1611111111111111
30,30,0.4999999999999999,0.8660254037844387,0.2933314749227511,-21.796236705571115,0.2975056689342403,-19.903828012556,0.1666666666666666
31,31,0.5150380749100542,0.8571673007021123,0.2942363585935998,-21.678247697625075,0.2902947845804987,-20.02117001141932,0.1722222222222222
32,32,0.5299192642332049,0.848048096156426,0.2952611591749431,-21.55553979685001,0.2888888888888888,-21.29053889976163,0.1777777777777777
33,33,0.5446390350150271,0.838670567945424,0.2964271867316684,-21.42822543569008,0.3368707482993198,-20.11369710937328,0.1833333333333333
34,34,0.5591929034707469,0.8290375725550416,0.297760607629664,-21.296428339530905,0.333424036281179,-20.49513384311608,0.1888888888888888
35,35,0.573576436351046,0.8191520442889918,0.2992937831735279,-21.1602852726405,0.2974149659863945,-20.33486322174181,0.1944444444444444
36,36,0.5877852522924731,0.8090169943749475,0.3010670439956765,-21.019948215084277,0.3625850340136056,-19.768902307049768,0.2
37,37,0.6018150231520483,0.7986355100472928,0.303131063873823,-20.8755871004762,0.3771428571428573,-19.862729314921253,0.2055555555555555
38,38,0.6156614753256583,0.7880107536067219,0.3055500663241033,-20.72739329066858,0.3790476190476191,-20.009020154326556,0.2111111111111111
39,39,0.6293203910498374,0.7771459614569709,0.3084061999662565,-20.575584028640343,0.400498866213152,-19.39496250429809,0.2166666666666666
40,40,0.6427876096865393,0.766044443118978,0.3118055712290762,-20.420408203569774,0.496825396825397,-18.523755715822062,0.2222222222222222
41,41,0.6560590289905073,0.754709580222772,0.3158866514821943,-20.262153895283085,0.4226303854875284,-19.455565367292035,0.2277777777777777
42,42,0.6691306063588582,0.7431448254773942,0.320832119886813,-20.10115835828192,0.4366893424036282,-19.000806203241428,0.2333333333333333
43,43,0.6819983600624985,0.7313537016191705,0.3268857228292718,-19.9378213871196,0.5635374149659866,-18.672685605074275,0.2388888888888889
44,44,0.6946583704589973,0.7193398003386512,0.3343765119317196,-19.772623417207992,0.5342857142857145,-18.838420821824016,0.2444444444444444
45,45,0.7071067811865475,0.7071067811865476,0.3437539792794752,-19.60615031788742,0.5692063492063493,-18.670316342550155,0.25
46,46,0.7193398003386511,0.6946583704589973,0.3556392589285397,-19.439127705618308,0.660408163265306,-18.335660124750877,0.2555555555555555
47,47,0.7313537016191705,0.6819983600624985,0.3708997244547503,-19.27246882609673,0.6789569160997732,-18.191721045369057,0.2611111111111111
48,48,0.7431448254773942,0.6691306063588582,0.390756548715636,-19.107341647473454,0.7878911564625851,-18.08165375933183,0.2666666666666666
49,49,0.754709580222772,0.6560590289905073,0.4169352141078678,-18.945262535307563,1.000408163265306,-17.6204457948799,0.2722222222222222
50,50,0.766044443118978,0.6427876096865394,0.4518616341832867,-18.78822468895751,1.0149206349206348,-17.388834872834533,0.2777777777777778
51,51,0.7771459614569709,0.6293203910498375,0.4988757794617831,-18.6388661697206,0.9527437641723356,-17.912039730133532,0.2833333333333333
52,52,0.788010753606722,0.6156614753256583,0.5623463781861161,-18.50066664589956,1.101179138321995,-17.640804966774944,0.2888888888888888
53,53,0.7986355100472928,0.6018150231520484,0.6473756367700966,-18.378117408370763,1.294512471655329,-17.245194109094214,0.2944444444444444
54,54,0.8090169943749475,0.5877852522924731,0.7585055119291342,-18.276716056345663,1.1880272108843537,-17.645648893632615,0.3
55,55,0.8191520442889918,0.5735764363510462,1.0731160008902996,-18.23532435242563,1.244625850340136,-17.703613967993107,0.3055555555555556
56,56,0.8290375725550417,0.5591929034707468,1.0955543171298212,-18.241237826518024,1.3832199546485262,-17.73310280352467,0.3111111111111111
57,57,0.838670567945424,0.5446390350150271,1.1286853118984832,-18.255512967958293,1.5341043083900223,-17.799975061926865,0.3166666666666666
58,58,0.848048096156426,0.5299192642332049,1.179243139820513,-18.280199930718524,1.6111111111111114,-17.932243804956325,0.3222222222222222
59,59,0.8571673007021123,0.5150380749100542,1.2572930991805218,-18.31841908942339,1.849659863945578,-17.998234890635793,0.3277777777777778
60,60,0.8660254037844386,0.5000000000000001,1.3764103183435543,-18.374663708562107,1.924308390022676,-18.160285945109237,0.3333333333333333
61,61,0.8746197071393957,0.4848096202463371,1.550500460902065,-18.454772630882747,2.0473922902494333,-18.308100138700908,0.3388888888888889
62,62,0.8829475928589269,0.4694715627858908,1.7577244434930266,-18.576888744246297,2.0994104308390025,-18.48811496289436,0.3444444444444444
63,63,0.8910065241883678,0.4539904997395468,1.796922032174487,-18.718212559456667,2.303446712018141,-18.66858902486749,0.35
64,64,0.898794046299167,0.4383711467890774,2.3428839651580318,-18.88777566626916,2.4029478458049884,-18.856367592447945,0.3555555555555555
65,65,0.90630778703665,0.4226182617406994,2.598841568936634,-19.095450342170626,2.6259410430839005,-19.059551011786333,0.3611111111111111
66,66,0.9135454576426008,0.4067366430758002,2.8130704674640743,-19.325432919685976,2.817233560090703,-19.2744339048654,0.3666666666666666
67,67,0.9205048534524404,0.3907311284892737,2.986338586765867,-19.571036523537845,3.001269841269841,-19.54698945344605,0.3722222222222222
68,68,0.9271838545667874,0.3746065934159119,3.125955874539782,-19.826916967752105,3.1695238095238096,-19.81485999458939,0.3777777777777777
69,69,0.9335804264972016,0.3583679495453004,3.2398795411841954,-20.089142253482372,3.2134693877551017,-20.078771428791107,0.3833333333333333
70,70,0.9396926207859084,0.3420201433256688,3.334641351336636,-20.35489484764645,3.2970068027210884,-20.346806503572463,0.3888888888888889
71,71,0.9455185755993168,0.3255681544571567,3.4151022615085034,-20.622149293573557,3.4367346938775505,-20.615739406628244,0.3944444444444444
72,72,0.9510565162951536,0.3090169943749474,3.4847599150280937,-20.889423351201096,3.455056689342403,-20.884226484552645,0.4
73,73,0.9563047559630354,0.2923717047227367,3.546117092791807,-21.15560574665011,3.5500226757369613,-21.151457557069172,0.4055555555555555
74,74,0.9612616959383188,0.2756373558169991,3.6009784101667077,-21.41984126756446,3.6455782312925167,-21.41670907997578,0.4111111111111111
75,75,0.9659258262890684,0.2588190451025207,3.6506630769664703,-21.68145460252829,3.6379138321995454,-21.678870470766547,0.4166666666666667
76,76,0.9702957262759964,0.2419218955996676,3.696151316676514,-21.939899467868937,3.6908390022675737,-21.93742000994364,0.4222222222222222
77,77,0.9743700647852352,0.2249510543438649,3.7381839934206695,-22.194724132898408,3.6912925170068025,-22.19216569829164,0.4277777777777777
78,78,0.9781476007338056,0.2079116908177594,3.777330565614989,-22.44554764999145,3.8293424036281176,-22.44221710585072,0.4333333333333333
79,79,0.981627183447664,0.1908089953765449,3.8140358631774287,-22.692043163514946,3.7975510204081626,-22.690295289746302,0.4388888888888889
80,80,0.984807753012208,0.1736481776669304,3.848652690943034,-22.93392597437927,3.828616780045351,-22.93184148620323,0.4444444444444444
81,81,0.9876883405951378,0.1564344650402309,3.881464871087515,-23.17094485394988,3.947437641723356,-23.16952985852556,0.45
82,82,0.9902680687415704,0.1391731009600654,3.912703763732405,-23.402875616370668,3.861678004535148,-23.399948652239527,0.4555555555555555
83,83,0.992546151641322,0.1218693434051474,3.942560281660619,-23.62951628700556,3.865895691609978,-23.62712113449987,0.4611111111111111
84,84,0.9945218953682732,0.1045284632676534,3.971193749962058,-23.85068341720337,3.9764172335600905,-23.84815973808154,0.4666666666666667
85,85,0.9961946980917455,0.0871557427476581,3.998738526532272,-24.066209235033494,4.003945578231292,-24.06103009219734,0.4722222222222222
86,86,0.9975640502598242,0.0697564737441252,4.025309012327458,-24.27593941454353,4.011428571428572,-24.270368689606627,0.4777777777777778
87,87,0.9986295347545738,0.0523359562429439,4.051003488751351,-24.479731308926905,4.029705215419501,-24.47655455884197,0.4833333333333333
88,88,0.9993908270190958,0.034899496702501,4.0759070902180055,-24.67745253611164,4.062539682539682,-24.672333246297438,0.4888888888888889
89,89,0.9998476951563912,0.0174524064372836,4.100094131535383,-24.86897983530198,4.162086167800453,-24.86376513916924,0.4944444444444444
90,90,1.0,6.123233995736766e-17,4.123629948596195,-25.054198134188148,4.115691609977324,-25.04826806917207,0.5
91,91,0.9998476951563912,-0.0174524064372834,4.146572368046096,-25.23299978167896,4.208163265306123,-25.22796110916758,0.5055555555555555
92,92,0.9993908270190958,-0.0348994967025009,4.168972891275089,-25.40528391196905,4.112244897959184,-25.39657966122664,0.5111111111111111
93,93,0.9986295347545738,-0.0523359562429438,4.190877656362523,-25.57095591377404,4.130249433106576,-25.563898327173728,0.5166666666666667
94,94,0.9975640502598242,-0.0697564737441253,4.212328225887575,-25.72992698450536,4.208390022675737,-25.7231154776068,0.5222222222222223
95,95,0.9961946980917455,-0.0871557427476582,4.233362237023195,-25.88211375360031,4.198049886621315,-25.87517965943322,0.5277777777777778
96,96,0.9945218953682732,-0.1045284632676535,4.254013941843526,-26.02743796257837,4.248208616780045,-26.0208302578805,0.5333333333333333
97,97,0.992546151641322,-0.1218693434051473,4.274314659448864,-26.165826191959358,4.266439909297052,-26.16013622834164,0.5388888888888889
98,98,0.9902680687415704,-0.1391731009600653,4.294293156754476,-26.2972096271479,4.276235827664399,-26.28621483213965,0.5444444444444444
99,99,0.9876883405951378,-0.1564344650402308,4.3139759711817245,-26.42152385692153,4.32843537414966,-26.413518195992488,0.55
100,100,0.984807753012208,-0.1736481776669303,4.3333876857304325,-26.5387086993572,4.337324263038548,-26.52986308962802,0.5555555555555556
101,101,0.981627183447664,-0.1908089953765448,4.352551164786678,-26.648708050978374,4.3448979591836725,-26.642040888298943,0.5611111111111111
102,102,0.9781476007338056,-0.2079116908177593,4.3714877573687,-26.751469755654348,4.331065759637188,-26.746034645421787,0.5666666666666667
103,103,0.9743700647852352,-0.224951054343865,4.39021747322494,-26.846945490386062,4.397097505668935,-26.837678503683637,0.5722222222222222
104,104,0.9702957262759964,-0.2419218955996677,4.408759136181964,-26.935090665599724,4.469024943310657,-26.924796694435777,0.5777777777777777
105,105,0.9659258262890684,-0.2588190451025208,4.427130518336103,-27.015864337959727,4.429342403628118,-27.00591479099653,0.5833333333333334
106,106,0.9612616959383188,-0.275637355816999,4.445348458041446,-27.089229134036245,4.408299319727891,-27.08156297843802,0.5888888888888889
107,107,0.9563047559630355,-0.2923717047227366,4.463428964132581,-27.15515118342657,4.519591836734693,-27.144791800022848,0.5944444444444444
108,108,0.9510565162951536,-0.3090169943749473,4.481387308406098,-27.21360006014828,4.4794104308390015,-27.205057909878175,0.6
109,109,0.9455185755993168,-0.3255681544571566,4.49923810804794,-27.26454873130137,4.489024943310657,-27.25472756879422,0.6055555555555555
110,110,0.9396926207859084,-0.3420201433256687,4.516995399419772,-27.307973512153065,4.534104308390022,-27.2943852640358,0.6111111111111112
111,111,0.9335804264972016,-0.3583679495453002,4.534672704392391,-27.343854026923516,4.552925170068026,-27.33631313658209,0.6166666666666667
112,112,0.9271838545667874,-0.374606593415912,4.552283090228462,-27.3721731746601,4.510521541950113,-27.360881726514798,0.6222222222222222
113,113,0.9205048534524404,-0.3907311284892737,4.569839223863031,-27.39291709968207,4.551156462585033,-27.383952566396403,0.6277777777777778
114,114,0.9135454576426008,-0.4067366430758002,4.587353421302173,-27.406075166154373,4.583492063492063,-27.39903483588775,0.6333333333333333
115,115,0.90630778703665,-0.4226182617406993,4.604837692752091,-27.4116399364214,4.650521541950114,-27.393389940610767,0.6388888888888888
116,116,0.8987940462991669,-0.4383711467890775,4.622303783999811,-27.40960715278791,4.67501133786848,-27.400581129504754,0.6444444444444445
117,117,0.8910065241883679,-0.4539904997395467,4.639763214489783,-27.399975722490478,4.644535147392291,-27.392842155466607,0.65
118,118,0.8829475928589269,-0.4694715627858909,4.657227312473614,-27.38274770564751,4.733560090702948,-27.371695510156982,0.6555555555555556
119,119,0.8746197071393959,-0.484809620246337,4.674707247552583,-27.35792830601916,4.751655328798185,-27.347365761526166,0.6611111111111111
120,120,0.8660254037844387,-0.4999999999999998,4.692214060882194,-27.325525864444977,4.725442176870748,-27.314237976888084,0.6666666666666666
121,121,0.8571673007021123,-0.5150380749100543,4.7097586932632005,-27.28555185486571,4.708072562358276,-27.276932398553807,0.6722222222222223
122,122,0.8480480961564261,-0.5299192642332048,4.72735201130247,-27.23802088286249,4.76344671201814,-27.231016767575166,0.6777777777777778
123,123,0.8386705679454239,-0.5446390350150271,4.745004831790288,-27.18295068668354,4.713106575963718,-27.17239584769391,0.6833333333333333
124,124,0.8290375725550417,-0.5591929034707467,4.762727944405521,-27.12036214075297,4.762766439909297,-27.108349323794656,0.6888888888888889
125,125,0.8191520442889917,-0.5735764363510462,4.780532132826367,-27.05027926168736,4.827301587301587,-27.041554504095917,0.6944444444444444
126,126,0.8090169943749475,-0.587785252292473,4.798428194291864,-26.972729216872768,4.812290249433106,-26.96086407915119,0.7
127,127,0.7986355100472927,-0.6018150231520484,4.816426957626112,-26.887742335682898,4.863174603174603,-26.87427942806285,0.7055555555555556
128,128,0.788010753606722,-0.6156614753256583,4.834539299702442,-26.79535212344655,4.932426303854874,-26.784094577922797,0.7111111111111111
129,129,0.777145961456971,-0.6293203910498373,4.852776160290521,-26.69559527830324,4.834557823129251,-26.68847949922332,0.7166666666666667
130,130,0.766044443118978,-0.6427876096865394,4.871148555189596,-26.58851171111288,4.880362811791382,-26.575278025691222,0.7222222222222222
131,131,0.7547095802227721,-0.6560590289905072,4.889667587509857,-26.47414456861916,4.874739229024943,-26.46637882977022,0.7277777777777777
132,132,0.7431448254773942,-0.6691306063588582,4.908344456918206,-26.35254026009789,4.839002267573696,-26.343870147577743,0.7333333333333333
133,133,0.7313537016191706,-0.6819983600624984,4.927190466612311,-26.22374848775599,4.861133786848072,-26.213955392008184,0.7388888888888889
134,134,0.7193398003386511,-0.6946583704589974,4.94621702772931,-26.087822281186785,5.034058956916099,-26.075344860999294,0.7444444444444445
135,135,0.7071067811865476,-0.7071067811865475,4.965435660828985,-25.944818036223936,4.9184126984126975,-25.932650904799445,0.75
136,136,0.6946583704589971,-0.7193398003386512,4.984857994016096,-25.79479555858393,5.035555555555555,-25.786673324016583,0.7555555555555555
137,137,0.6819983600624986,-0.7313537016191705,5.004495757178807,-25.637818112732145,5.10798185941043,-25.627751861259643,0.7611111111111111
138,138,0.6691306063588583,-0.743144825477394,5.024360771722595,-25.47395247646021,5.120362811791384,-25.45362001145825,0.7666666666666667
139,139,0.6560590289905073,-0.754709580222772,5.044464935060912,-25.303269001719134,5.010975056689342,-25.295986884400914,0.7722222222222223
140,140,0.6427876096865395,-0.7660444431189779,5.064820198994347,-25.12584168231504,5.036780045351473,-25.11536176386484,0.7777777777777778
141,141,0.6293203910498374,-0.7771459614569709,5.085438540954015,-24.94174822914319,5.0463492063492055,-24.93137242204785,0.7833333333333333
142,142,0.6156614753256584,-0.7880107536067219,5.106331926909806,-24.751070153709858,5.165941043083899,-24.73963750896208,0.7888888888888889
143,143,0.6018150231520482,-0.7986355100472929,5.127512264538121,-24.55389286077576,5.181678004535147,-24.545031345348956,0.7944444444444444
144,144,0.5877852522924732,-0.8090169943749473,5.148991345008942,-24.350305751046147,5.1000907029478455,-24.340231437776566,0.8
145,145,0.5735764363510459,-0.8191520442889919,5.170780771479564,-24.140402334931952,5.124807256235828,-24.131953359921805,0.8055555555555556
146,146,0.5591929034707469,-0.8290375725550416,5.192891872069737,-23.92428035851886,5.195374149659862,-23.913408868977,0.8111111111111111
147,147,0.5446390350150273,-0.8386705679454239,5.215335594734762,-23.702041943003813,5.181995464852608,-23.69646131893106,0.8166666666666667
148,148,0.5299192642332049,-0.848048096156426,5.238122381041403,-23.47379373899187,5.20344671201814,-23.465658221254618,0.8222222222222222
149,149,0.5150380749100544,-0.8571673007021122,5.261262015383624,-23.23964709720037,5.203537414965986,-23.23252643220117,0.8277777777777777
150,150,0.4999999999999999,-0.8660254037844387,5.284763445641287,-22.99971825727763,5.289297052154194,-22.99304491958105,0.8333333333333334
151,151,0.4848096202463371,-0.8746197071393957,5.308634570682452,-22.75412855663215,5.288480725623582,-22.74616331989806,0.8388888888888889
152,152,0.4694715627858907,-0.882947592858927,5.332881989428526,-22.503004661369125,5.319183673469388,-22.496404228712063,0.8444444444444444
153,153,0.4539904997395468,-0.8910065241883678,5.357510705439681,-22.24647882166151,5.427709750566894,-22.23788532077898,0.85
154,154,0.4383711467890773,-0.898794046299167,5.382523780129375,-21.98468915413496,5.37437641723356,-21.976627191429547,0.8555555555555555
155,155,0.4226182617406995,-0.90630778703665,5.407921926775613,-21.71777995413881,5.29532879818594,-21.709181463241706,0.8611111111111112
156,156,0.4067366430758004,-0.9135454576426008,5.433703036462912,-21.445902041098478,5.4197278911564615,-21.43890597848154,0.8666666666666667
157,157,0.3907311284892737,-0.9205048534524404,5.459861625964297,-21.169213140526946,5.459229024943311,-21.16194668576,0.8722222222222222
158,158,0.3746065934159122,-0.9271838545667872,5.486388196345999,-20.88787830671453,5.505170068027211,-20.88140457745093,0.8777777777777778
159,159,0.3583679495453002,-0.9335804264972016,5.513268489755529,-20.60207039064122,5.543990929705213,-20.59693087842265,0.8833333333333333
160,160,0.3420201433256689,-0.9396926207859084,5.540482630427273,-20.31197055829865,5.486303854875283,-20.30528577940328,0.8888888888888888
161,161,0.3255681544571566,-0.9455185755993168,5.56800413437332,-20.017768865398,5.538866213151927,-20.011469044628377,0.8944444444444445
162,162,0.3090169943749475,-0.9510565162951536,5.595798770490464,-19.71966489544928,5.612743764172335,-19.71223011854083,0.9
163,163,0.2923717047227366,-0.9563047559630355,5.623823253780513,-19.4178684694954,5.661360544217685,-19.4120521856058,0.9055555555555556
164,164,0.2756373558169992,-0.9612616959383188,5.6520237488963705,-19.112600437503016,5.536281179138321,-19.10713526763605,0.9111111111111112
165,165,0.258819045102521,-0.9659258262890682,5.680334158917709,-18.804093563715337,5.593877551020407,-18.798685449468355,0.9166666666666666
166,166,0.2419218955996677,-0.9702957262759964,5.7086741695965255,-18.49259352139923,5.527845804988661,-18.48666933066198,0.9222222222222224
167,167,0.2249510543438652,-0.9743700647852352,5.736947012336467,-18.17836001671343,5.5940589569161,-18.172851562872182,0.9277777777777778
168,168,0.2079116908177593,-0.9781476007338056,5.765036898383638,-17.86166806735335,5.664625850340133,-17.85607355919668,0.9333333333333332
169,169,0.1908089953765449,-0.981627183447664,5.792806059757506,-17.54280946985042,5.374739229024942,-17.535513288591684,0.9388888888888888
170,170,0.1736481776669302,-0.984807753012208,5.820091305701824,-17.222094500811195,5.467392290249433,-17.21626940644137,0.9444444444444444
171,171,0.1564344650402309,-0.9876883405951375,5.846699961447418,-16.899853913217505,5.3232199546485255,-16.892705802688003,0.95
172,172,0.1391731009600653,-0.9902680687415704,5.872404990826199,-16.576441310804626,5.132108843537415,-16.567344041009047,0.9555555555555556
173,173,0.1218693434051475,-0.992546151641322,5.896939004067047,-16.25223601373877,4.975102040816326,-16.241120568165194,0.9611111111111112
174,174,0.1045284632676537,-0.9945218953682732,5.919986700465691,-15.927646570247065,4.610294784580499,-15.91465733905752,0.9666666666666668
175,175,0.0871557427476582,-0.9961946980917455,5.941175069356714,-15.603115125451078,4.278004535147392,-15.58560486650574,0.9722222222222222
176,176,0.0697564737441255,-0.9975640502598242,5.960060339850298,-15.2791229356582,3.9020408163265294,-15.26267774321138,0.9777777777777776
177,177,0.0523359562429438,-0.9986295347545738,5.976110185132935,-14.956197421096196,3.3146031746031746,-14.93892845437865,0.9833333333333332
178,178,0.0348994967025011,-0.9993908270190958,5.988678984018407,-14.634921293616902,2.665351473922903,-14.616949094712016,0.9888888888888888
179,179,0.0174524064372834,-0.9998476951563912,5.996972907950668,-14.315944497445086,1.9078458049886624,-14.30046921446277,0.9944444444444444
180,180,1.2246467991473532e-16,-1.0,5.894846282727073,-14.000000000000009,1.062267573696145,-13.999999909390004,1.0
181,181,-0.0174524064372836,-0.9998476951563912,1.0769230769230012,-14.242201422311425,0.3548299319727891,-13.78858486745029,1.0055555555555555
182,182,-0.0348994967025009,-0.9993908270190958,1.0769230769230749,-14.48006453210236,0.2857142857142856,-13.67091503734731,1.011111111111111
183,183,-0.0523359562429435,-0.9986295347545738,1.0769230769230786,-14.713516873965265,0.2857596371882085,-13.512903604456705,1.0166666666666666
184,184,-0.0697564737441252,-0.9975640502598242,1.076923076923077,-14.942487336055317,2.2333786848072563,-14.34805056005222,1.022222222222222
185,185,-0.0871557427476579,-0.9961946980917455,1.0769230769230616,-15.16690617175169,2.717052154195012,-14.473955439038384,1.0277777777777777
186,186,-0.1045284632676535,-0.9945218953682732,1.076923076923067,-15.386705020902962,2.654784580498866,-14.693306784557626,1.0333333333333334
187,187,-0.1218693434051473,-0.992546151641322,1.0769230769230766,-15.60181693065057,0.9522902494331064,-15.56834792107998,1.038888888888889
188,188,-0.1391731009600655,-0.9902680687415704,1.0769230769230735,-15.812176375822878,1.034013605442177,-15.8037880686225,1.0444444444444445
189,189,-0.1564344650402307,-0.9876883405951378,1.0769230769230735,-16.01771927889515,1.0874829931972787,-16.00836865691158,1.05
190,190,-0.1736481776669304,-0.984807753012208,1.0769230769230724,-16.218383029507933,1.0629024943310654,-16.21780761871538,1.0555555555555556
191,191,-0.1908089953765447,-0.981627183447664,1.0769230769230709,-16.414106503538918,1.0829931972789115,-16.412513919419045,1.0611111111111111
192,192,-0.2079116908177595,-0.9781476007338056,1.0769230769230722,-16.6048300817219,1.0822675736961451,-16.602755050539333,1.0666666666666669
193,193,-0.2249510543438649,-0.9743700647852352,1.076923076923071,-16.790495667807406,1.0090249433106575,-16.409583808130357,1.0722222222222222
194,194,-0.2419218955996675,-0.9702957262759964,1.0769230769230735,-16.971046706259283,1.0679365079365075,-16.970939609419975,1.0777777777777775
195,195,-0.2588190451025208,-0.9659258262890684,1.0769230769230724,-17.146428199482216,1.0774149659863943,-17.146266794577425,1.0833333333333333
196,196,-0.275637355816999,-0.9612616959383188,1.0769230769230729,-17.31658672457444,1.0798639455782313,-17.31657810262124,1.0888888888888888
197,197,-0.2923717047227367,-0.9563047559630354,1.0769230769230722,-17.481470449600838,1.0785487528344673,-17.481410513102286,1.0944444444444446
198,198,-0.3090169943749473,-0.9510565162951536,1.0769230769230704,-17.641029149381392,0.2896145124716552,-16.13535873408765,1.1
199,199,-0.3255681544571567,-0.9455185755993168,1.076923076923072,-17.79521422079062,1.0751020408163263,-17.782076448761185,1.1055555555555556
200,200,-0.3420201433256686,-0.9396926207859084,1.0769230769230729,-17.94397869756206,1.0829024943310654,-17.941494535428436,1.1111111111111112
201,201,-0.3583679495453004,-0.9335804264972016,1.0769230769230709,-18.08727726459501,1.0772335600907028,-18.087203644571066,1.1166666666666667
202,202,-0.374606593415912,-0.9271838545667874,1.076923076923073,-18.22506627175777,0.9811337868480726,-17.376282318455868,1.1222222222222222
203,203,-0.3907311284892735,-0.9205048534524404,1.0769230769230744,-18.357303747183995,1.0780045351473924,-18.35440015335865,1.1277777777777778
204,204,-0.4067366430758002,-0.9135454576426008,1.076923076923073,-18.48394941005763,1.0760090702947849,-18.480916435881245,1.1333333333333333
205,205,-0.4226182617406993,-0.90630778703665,1.076923076923073,-18.604964682882883,1.083809523809524,-18.60469286116701,1.1388888888888888
206,206,-0.4383711467890774,-0.8987940462991669,1.0769230769230729,-18.720312703235383,0.9700226757369615,-17.833625860257417,1.1444444444444444
207,207,-0.4539904997395467,-0.8910065241883679,1.076923076923074,-18.829958334990813,1.072562358276644,-18.82909887619249,1.15
208,208,-0.4694715627858908,-0.8829475928589269,1.0769230769230724,-18.93386817902746,0.9115192743764172,-17.423974671195477,1.1555555555555554
209,209,-0.4848096202463369,-0.8746197071393959,1.0769230769230749,-19.03201058340028,0.8995918367346938,-17.494868833342444,1.1611111111111112
210,210,-0.5000000000000001,-0.8660254037844386,1.0769230769230729,-19.124355652982125,0.9073469387755104,-17.647124260627756,1.1666666666666667
211,211,-0.5150380749100542,-0.8571673007021123,1.0769230769230722,-19.21087525857032,0.8615419501133786,-17.551132164394634,1.1722222222222225
212,212,-0.5299192642332048,-0.8480480961564261,1.0769230769230735,-19.291543045454823,0.9482993197278912,-18.13547240962285,1.1777777777777778
213,213,-0.5446390350150271,-0.838670567945424,1.0769230769230735,-19.366334441446316,0.9061678004535147,-17.895684785207063,1.1833333333333331
214,214,-0.5591929034707467,-0.8290375725550418,1.076923076923073,-19.435226664361057,0.8776870748299319,-17.892116974342226,1.1888888888888889
215,215,-0.5735764363510462,-0.8191520442889918,1.076923076923071,-19.49819872896052,0.4320634920634921,-14.83652604139906,1.1944444444444444
216,216,-0.587785252292473,-0.8090169943749476,1.076923076923074,-19.55523145334387,0.7479365079365078,-17.43360430003984,1.2
217,217,-0.6018150231520484,-0.7986355100472928,1.076923076923073,-19.60630746479078,0.5913378684807258,-15.663352683360754,1.2055555555555555
218,218,-0.6156614753256582,-0.788010753606722,1.076923076923074,-19.65141120505332,0.7619501133786848,-16.698073117238295,1.211111111111111
219,219,-0.6293203910498376,-0.7771459614569708,1.0769230769230724,-19.690528935095298,0.7505215419501136,-17.190846434340514,1.2166666666666666
220,220,-0.6427876096865393,-0.766044443118978,1.0769230769230742,-19.72364873927723,0.8990929705215419,-18.311408328497212,1.2222222222222223
221,221,-0.656059028990507,-0.7547095802227721,1.076923076923073,-19.750760528985904,0.7350566893424038,-17.243829065179998,1.227777777777778
222,222,-0.6691306063588582,-0.7431448254773942,1.0769230769230735,-19.771856045707548,0.6839455782312924,-17.15063710871924,1.2333333333333334
223,223,-0.6819983600624984,-0.7313537016191706,1.076923076923074,-19.786928863543388,0.494920634920635,-15.400773745584312,1.238888888888889
224,224,-0.6946583704589974,-0.7193398003386511,1.076923076923072,-19.79597439116706,0.5994557823129254,-16.483680945767638,1.2444444444444445
225,225,-0.7071067811865475,-0.7071067811865477,1.076923076923074,-19.79898987322332,0.6392743764172337,-17.063954262920152,1.25
226,226,-0.7193398003386512,-0.6946583704589973,1.0769230769230718,-19.795974391167075,0.7923356009070294,-17.98743145023027,1.2555555555555555
227,227,-0.7313537016191705,-0.6819983600624986,1.0769230769230718,-19.786928863543345,0.6264852607709751,-16.073415456133972,1.261111111111111
228,228,-0.7431448254773944,-0.6691306063588581,1.0769230769230729,-19.77185604570756,0.9133786848072564,-18.43112333822472,1.2666666666666666
229,229,-0.754709580222772,-0.6560590289905073,1.076923076923073,-19.750760528985868,0.7211337868480726,-17.39421566622117,1.272222222222222
230,230,-0.7660444431189779,-0.6427876096865395,1.0769230769230729,-19.72364873927722,0.6412244897959184,-16.864526207636263,1.2777777777777777
231,231,-0.7771459614569706,-0.6293203910498378,1.0769230769230729,-19.690528935095344,0.586575963718821,-16.111113315259157,1.2833333333333334
232,232,-0.7880107536067221,-0.6156614753256581,1.0769230769230729,-19.65141120505332,0.8740136054421768,-18.328705501054745,1.288888888888889
233,233,-0.7986355100472928,-0.6018150231520483,1.076923076923073,-19.606307464790767,0.8908843537414965,-18.38512909383481,1.2944444444444445
234,234,-0.8090169943749473,-0.5877852522924732,1.076923076923072,-19.55523145334383,0.8511111111111112,-18.206992247972916,1.3
235,235,-0.8191520442889916,-0.5735764363510464,1.0769230769230749,-19.49819872896057,0.5811791383219956,-16.007882398046842,1.3055555555555556
236,236,-0.8290375725550418,-0.5591929034707466,1.076923076923073,-19.435226664361032,0.5876643990929707,-15.978637576494656,1.3111111111111111
237,237,-0.838670567945424,-0.544639035015027,1.076923076923072,-19.366334441446327,0.6232199546485261,-16.321399736678355,1.3166666666666669
238,238,-0.848048096156426,-0.529919264233205,1.0769230769230729,-19.291543045454823,0.4359637188208617,-15.492449742557469,1.3222222222222222
239,239,-0.8571673007021121,-0.5150380749100545,1.076923076923073,-19.210875258570336,0.5799546485260774,-15.894660444759976,1.3277777777777775
240,240,-0.8660254037844384,-0.5000000000000004,1.0769230769230722,-19.12435565298212,0.5796825396825398,-15.85176789749038,1.3333333333333333
241,241,-0.874619707139396,-0.4848096202463368,1.076923076923073,-19.03201058340024,0.5990476190476192,-15.84831174654168,1.3388888888888888
242,242,-0.882947592858927,-0.4694715627858907,1.076923076923073,-18.93386817902744,0.942857142857143,-18.11491979595158,1.3444444444444446
243,243,-0.8910065241883678,-0.4539904997395469,1.076923076923073,-18.82995833499081,0.5526984126984129,-15.505511473104066,1.35
244,244,-0.8987940462991668,-0.4383711467890777,1.0769230769230735,-18.72031270323544,0.903718820861678,-17.708652845979604,1.3555555555555556
245,245,-0.90630778703665,-0.4226182617406991,1.076923076923071,-18.60496468288286,0.5575963718820863,-15.49273276797298,1.3611111111111112
246,246,-0.913545457642601,-0.4067366430758001,1.0769230769230735,-18.483949410057612,0.6394557823129253,-15.919995209204158,1.3666666666666667
247,247,-0.9205048534524404,-0.3907311284892738,1.0769230769230749,-18.357303747184027,0.6180045351473924,-15.666456686218332,1.3722222222222222
248,248,-0.9271838545667872,-0.3746065934159123,1.0769230769230715,-18.225066271757807,0.671156462585034,-15.840086691197826,1.3777777777777778
249,249,-0.9335804264972016,-0.3583679495453007,1.0769230769230729,-18.08727726459504,0.5173696145124717,-15.264651023687415,1.3833333333333333
250,250,-0.9396926207859084,-0.3420201433256685,1.0769230769230724,-17.943978697562077,0.5815873015873017,-15.267319454203475,1.3888888888888888
251,251,-0.9455185755993168,-0.3255681544571566,1.0769230769230729,-17.795214220790655,0.4981405895691611,-14.82999318162909,1.3944444444444444
252,252,-0.9510565162951536,-0.3090169943749475,1.076923076923071,-17.64102914938142,0.535827664399093,-14.851393433744558,1.4
253,253,-0.9563047559630352,-0.2923717047227371,1.0769230769230735,-17.481470449600817,0.5716553287981861,-14.871659822748068,1.4055555555555554
254,254,-0.961261695938319,-0.2756373558169989,1.0769230769230729,-17.316586724574453,0.5806802721088437,-14.870344561948327,1.4111111111111112
255,255,-0.9659258262890684,-0.2588190451025206,1.0769230769230749,-17.146428199482273,0.5765079365079366,-14.778800883303022,1.4166666666666667
256,256,-0.9702957262759964,-0.2419218955996677,1.0769230769230762,-16.971046706259322,0.5835827664399095,-14.669318922210374,1.4222222222222225
257,257,-0.9743700647852352,-0.2249510543438652,1.0769230769230766,-16.79049566780746,0.6524263038548753,-14.869377487922597,1.4277777777777778
258,258,-0.9781476007338056,-0.2079116908177598,1.076923076923075,-16.604830081721936,0.6694784580498866,-14.860341804447888,1.4333333333333331
259,259,-0.981627183447664,-0.1908089953765446,1.0769230769230758,-16.414106503538918,0.3828571428571428,-13.289765090373594,1.4388888888888889
260,260,-0.984807753012208,-0.1736481776669303,1.0769230769230722,-16.21838302950793,0.533151927437642,-14.05255616326798,1.4444444444444444
261,261,-0.9876883405951375,-0.156434465040231,1.0769230769230744,-16.01771927889516,0.5472562358276645,-13.93155728591359,1.45
262,262,-0.9902680687415704,-0.1391731009600658,1.0769230769230749,-15.81217637582293,0.4296598639455783,-13.447748565187082,1.4555555555555555
263,263,-0.992546151641322,-0.1218693434051471,1.0769230769230715,-15.601816930650546,0.3217233560090702,-12.9181728961246,1.461111111111111
264,264,-0.9945218953682734,-0.1045284632676533,1.0769230769230722,-15.386705020902957,0.5708390022675738,-13.629870586777397,1.4666666666666666
265,265,-0.9961946980917455,-0.0871557427476582,1.0769230769230735,-15.166906171751696,0.5263038548752835,-13.367394530680576,1.4722222222222223
266,266,-0.9975640502598242,-0.0697564737441255,1.0769230769230724,-14.942487336055244,0.5594557823129253,-13.35284763532907,1.477777777777778
267,267,-0.9986295347545738,-0.0523359562429443,1.0769230769230735,-14.713516873965249,0.4574149659863946,-12.832989801524318,1.4833333333333334
268,268,-0.9993908270190958,-0.0348994967025007,1.0769230769230729,-14.480064532102356,0.5297052154195012,-12.932076448598444,1.488888888888889
269,269,-0.9998476951563912,-0.0174524064372834,1.0769230769230724,-14.242201422311432,0.4453061224489796,-12.672740150230211,1.4944444444444445
270,270,-1.0,-1.8369701987210294e-16,1.076923076923077,-14.000000000000016,0.5549659863945579,-12.677107479848562,1.5
271,271,-0.9998476951563912,0.0174524064372831,1.076923076923078,-13.753534042067487,0.5285714285714286,-12.48254362144342,1.5055555555555555
272,272,-0.9993908270190958,0.0348994967025012,1.0769230769230749,-13.502878624432332,0.3862585034013605,-11.868075202566022,1.511111111111111
273,273,-0.9986295347545738,0.0523359562429439,1.076923076923069,-13.24811009916282,0.492607709750567,-12.076489557652328,1.5166666666666666
274,274,-0.9975640502598244,0.0697564737441252,1.0769230769230738,-12.989306071219763,0.5233560090702948,-11.972355672364252,1.522222222222222
275,275,-0.9961946980917455,0.0871557427476578,1.0769230769230762,-12.726545374817212,0.2857596371882084,-10.47879970859294,1.5277777777777777
276,276,-0.9945218953682734,0.1045284632676529,1.0769230769230775,-12.4599080494087,0.2857596371882084,-10.321792773002038,1.5333333333333334
277,277,-0.992546151641322,0.1218693434051476,1.0769230769230769,-12.18947531530647,0.3558276643990929,-10.9819329643285,1.538888888888889
278,278,-0.9902680687415704,0.1391731009600654,1.076923076923079,-11.915329548941092,0.4526530612244899,-11.163950350500492,1.5444444444444445
279,279,-0.9876883405951378,0.1564344650402306,1.0769230769230802,-11.637554257768729,0.2858503401360543,-10.438634199518612,1.55
280,280,-0.984807753012208,0.1736481776669299,1.0769230769230749,-11.356234054833884,0.3045804988662131,-9.841272894471029,1.5555555555555556
281,281,-0.981627183447664,0.1908089953765451,1.0769230769230749,-11.071454632995655,0.3570068027210885,-10.364674843903602,1.5611111111111111
282,282,-0.9781476007338056,0.2079116908177594,1.076923076923082,-10.783302738824656,0.2857596371882084,-9.41865443560419,1.5666666666666669
283,283,-0.9743700647852352,0.2249510543438649,1.076923076923079,-10.491866146179202,0.2867573696145123,-9.406845870159056,1.5722222222222222
284,284,-0.9702957262759966,0.2419218955996674,1.0769230769230886,-10.19723362946873,0.3315646258503401,-9.836445367429151,1.5777777777777775
285,285,-0.9659258262890684,0.2588190451025203,0.6711895685170537,-10.00158414915019,0.3514739229024943,-9.76041877762786,1.5833333333333333
286,286,-0.9612616959383188,0.2756373558169994,0.6696352020025387,-10.05270860238969,0.2870294784580497,-9.364959891081288,1.5888888888888888
287,287,-0.9563047559630354,0.2923717047227367,0.6666245608412558,-10.106857375660272,0.2858956916099772,-8.759959429639027,1.5944444444444446
288,288,-0.9510565162951536,0.3090169943749472,0.6623712329559361,-10.163965715513354,0.3338775510204081,-9.186467993953174,1.6
289,289,-0.945518575599317,0.3255681544571563,0.6571486001456736,-10.22391443505203,0.3215873015873016,-8.682109665138265,1.6055555555555556
290,290,-0.9396926207859084,0.342020143325669,0.4369398669787143,-10.383928557595906,0.3406802721088435,-8.959728067293524,1.6111111111111112
291,291,-0.9335804264972016,0.3583679495453004,0.4287867602023211,-10.702279326322977,0.3582312925170068,-8.845293418422452,1.6166666666666667
292,292,-0.9271838545667874,0.3746065934159119,0.4218678683656097,-11.021805384055703,0.2975510204081631,-8.602433506313611,1.6222222222222222
293,293,-0.9205048534524404,0.3907311284892735,0.415750034644073,-11.340950854205644,0.290612244897959,-8.407532263941269,1.6277777777777778
294,294,-0.9135454576426012,0.4067366430757997,0.4102037747462727,-11.658896967072438,0.3047165532879818,-8.602222123636352,1.6333333333333333
295,295,-0.90630778703665,0.4226182617406996,0.4050948070258201,-11.975137094851908,0.3296598639455781,-9.066853082544885,1.6388888888888888
296,296,-0.898794046299167,0.4383711467890774,0.4003376598648599,-12.289315783428078,0.3264399092970521,-9.638203872990283,1.6444444444444444
297,297,-0.891006524188368,0.4539904997395466,0.3958740097462858,-12.601159124657489,0.341360544217687,-8.590059027609245,1.65
298,298,-0.8829475928589271,0.4694715627858904,0.3916617343833037,-12.910441307837043,0.3294331065759637,-9.285755392803766,1.6555555555555554
299,299,-0.8746197071393956,0.4848096202463373,0.3876689845929266,-13.216967130277594,0.3158276643990929,-8.75107567380017,1.6611111111111112
300,300,-0.8660254037844386,0.5000000000000001,0.3838707751525976,-13.520562187877005,0.3412244897959183,-9.288514720492133,1.6666666666666667
301,301,-0.8571673007021123,0.5150380749100542,0.3802469186879594,-13.821067036938182,0.3355555555555555,-11.749091242456847,1.6722222222222225
302,302,-0.8480480961564262,0.5299192642332047,0.3767807144183402,-14.118333537747548,0.3227210884353741,-10.644117187672803,1.6777777777777778
303,303,-0.8386705679454243,0.5446390350150266,0.3734580813304713,-14.412222460847884,0.3096145124716553,-12.134152385994748,1.6833333333333331
304,304,-0.8290375725550416,0.559192903470747,0.3702669640116814,-14.702601858102378,0.3336507936507936,-12.76180184635419,1.6888888888888889
305,305,-0.8191520442889918,0.573576436351046,0.3671969120386676,-14.98934591601991,0.3121088435374149,-13.346900338608243,1.6944444444444444
306,306,-0.8090169943749476,0.5877852522924729,0.3642387735686421,-15.272334124352954,0.3000907029478458,-13.55765532716921,1.7
307,307,-0.798635510047293,0.6018150231520479,0.3613844663732429,-15.551450657619618,0.2986848072562357,-14.127663360727627,1.7055555555555555
308,308,-0.7880107536067218,0.6156614753256585,0.3586268028457791,-15.82658390473291,0.3173242630385487,-11.50167966467413,1.711111111111111
309,309,-0.7771459614569708,0.6293203910498375,0.3559593535765993,-16.097626104455614,0.3065306122448979,-13.16769599128564,1.7166666666666666
310,310,-0.7660444431189781,0.6427876096865393,0.3533763391244973,-16.364473058334482,0.3020861678004535,-14.667779007466226,1.7222222222222223
311,311,-0.7547095802227722,0.656059028990507,0.3508725428359313,-16.627023901636118,0.2925623582766439,-13.72858032491345,1.727777777777778
312,312,-0.7431448254773946,0.6691306063588578,0.3484432396783919,-16.885180918584066,0.3237188208616781,-16.50132542689269,1.7333333333333334
313,313,-0.7313537016191703,0.6819983600624986,0.346084137472374,-17.13884939205724,0.297641723356009,-13.704998940176695,1.738888888888889
314,314,-0.7193398003386512,0.6946583704589973,0.3437913278769823,-17.387937480540852,0.2965986394557822,-13.458039732671736,1.7444444444444445
315,315,-0.7071067811865477,0.7071067811865474,0.3415612451615966,-17.632356116954206,0.3188662131519274,-13.320749979585871,1.75
316,316,-0.6946583704589976,0.7193398003386509,0.3393906312770443,-17.872018925278386,0.3080725623582765,-13.765652875893894,1.7555555555555555
317,317,-0.6819983600624983,0.7313537016191707,0.3372765060875337,-18.10684215184698,0.3086621315192743,-17.169345138741615,1.761111111111111
318,318,-0.6691306063588581,0.7431448254773942,0.3352161418796937,-18.33674460885185,0.2911564625850339,-16.10746286669207,1.7666666666666666
319,319,-0.6560590289905074,0.7547095802227719,0.3332070414553849,-18.56164762813098,0.2950566893424036,-14.29904402530497,1.772222222222222
320,320,-0.6427876096865396,0.7660444431189778,0.3312469192587552,-18.781475023695013,0.2931972789115645,-15.281110931082706,1.7777777777777777
321,321,-0.6293203910498378,0.7771459614569706,0.3293336850982474,-18.996153061750025,0.289251700680272,-16.890926066170888,1.7833333333333334
322,322,-0.6156614753256582,0.788010753606722,0.3274654301099728,-19.20561043720644,0.295328798185941,-15.748226218833452,1.788888888888889
323,323,-0.6018150231520483,0.7986355100472928,0.3256404146762419,-19.409778255850167,0.2932879818594103,-15.439991015638968,1.7944444444444445
324,324,-0.5877852522924734,0.8090169943749473,0.3238570580667739,-19.60859002149815,0.2862585034013604,-16.52893351230562,1.8
325,325,-0.5735764363510465,0.8191520442889916,0.3221139296135288,-19.801981627582222,0.2946938775510203,-18.635212308684487,1.805555555555556
326,326,-0.5591929034707466,0.8290375725550418,0.3204097412656036,-19.989891352701964,0.3206802721088435,-15.426631947469378,1.8111111111111111
327,327,-0.544639035015027,0.838670567945424,0.3187433414000986,-20.172259859770715,0.2886167800453513,-17.98359057477998,1.8166666666666669
328,328,-0.529919264233205,0.848048096156426,0.3171137097896741,-20.349030198446627,0.288299319727891,-15.438088960609802,1.8222222222222224
329,329,-0.5150380749100545,0.8571673007021121,0.3155199536487738,-20.520147810600307,0.2899773242630384,-16.022657571887255,1.8277777777777775
330,330,-0.5000000000000004,0.8660254037844384,0.3139613046989519,-20.68556053862215,0.2875736961451246,-16.554946567336266,1.8333333333333333
331,331,-0.4848096202463369,0.8746197071393959,0.3124371172101682,-20.84521863641768,0.2885260770975055,-16.246043139767114,1.8388888888888888
332,332,-0.4694715627858908,0.8829475928589269,0.3109468669897887,-20.999074782979367,0.2891609977324262,-16.861398191040056,1.8444444444444448
333,333,-0.4539904997395469,0.8910065241883678,0.3094901513047314,-21.147084098460013,0.29015873015873,-17.242113321320943,1.85
334,334,-0.4383711467890778,0.8987940462991668,0.3080666897352965,-21.28920416270952,0.2872562358276642,-18.483822994087703,1.855555555555556
335,335,-0.4226182617406992,0.90630778703665,0.3066763259717715,-21.425395036266117,0.2886621315192743,-17.99098906203992,1.8611111111111112
336,336,-0.4067366430758001,0.913545457642601,0.3053190305774371,-21.55561928382713,0.2886621315192743,-19.860274740441174,1.8666666666666667
337,337,-0.3907311284892739,0.9205048534524404,0.3039949047542666,-21.679842000254958,0.286439909297052,-19.57017976160557,1.8722222222222225
338,338,-0.3746065934159123,0.9271838545667872,0.3027041851606611,-21.7980308392038,0.2884353741496598,-16.317130972801387,1.8777777777777775
339,339,-0.3583679495453007,0.9335804264972016,0.3014472498443409,-21.91015604448581,0.2869841269841268,-19.754113893012757,1.8833333333333333
340,340,-0.3420201433256686,0.9396926207859084,0.3002246253681718,-22.016190484327453,0.2877551020408162,-18.310126461703817,1.8888888888888888
341,341,-0.3255681544571567,0.9455185755993168,0.2990369952226206,-22.116109688700835,0.2866213151927436,-18.513900611490037,1.8944444444444444
342,342,-0.3090169943749476,0.9510565162951536,0.2978852096359116,-22.20989188995309,0.2869841269841269,-18.38344634354669,1.9
343,343,-0.2923717047227371,0.9563047559630352,0.2967702969121618,-22.297518066993938,0.2882086167800453,-18.1446509692309,1.9055555555555557
344,344,-0.2756373558169989,0.9612616959383188,0.2956934764491652,-22.37897199334571,0.2917006802721087,-22.086243190484247,1.9111111111111112
345,345,-0.2588190451025207,0.9659258262890684,0.2946561736114342,-22.454240289407185,0.2872108843537413,-20.741883521762333,1.9166666666666667
346,346,-0.2419218955996678,0.9702957262759964,0.2936600366610204,-22.52331247933296,0.2873469387755101,-20.832359226749976,1.9222222222222225
347,347,-0.2249510543438653,0.9743700647852352,0.292706955979063,-22.586181052986657,0.2886621315192743,-17.38536189727392,1.9277777777777776
348,348,-0.2079116908177598,0.9781476007338056,0.2917990858455038,-22.642841533491723,0.2881179138321994,-18.10829631273184,1.9333333333333331
349,349,-0.1908089953765446,0.981627183447664,0.2909388690834829,-22.6932925509716,0.2885260770975055,-17.92524859834392,1.9388888888888889
350,350,-0.1736481776669304,0.984807753012208,0.2901290649194836,-22.737535923151967,0.2868480725623581,-22.10507466884326,1.9444444444444444
351,351,-0.1564344650402311,0.9876883405951375,0.2893727804609591,-22.77557674358594,0.2864852607709749,-17.751633989744175,1.95
352,352,-0.1391731009600658,0.9902680687415704,0.2886735062509048,-22.80742347836352,0.2870748299319727,-20.012395005263592,1.9555555555555555
353,353,-0.1218693434051472,0.992546151641322,0.2880351564246882,-22.83308807227881,0.2866213151927436,-22.67784081707955,1.961111111111111
354,354,-0.1045284632676534,0.9945218953682732,0.2874621140693991,-22.85258606555748,0.2864852607709749,-22.662905214921796,1.9666666666666663
355,355,-0.0871557427476583,0.9961946980917455,0.2869592824713211,-22.865936722388845,0.2858956916099772,-22.688418757993283,1.9722222222222223
356,356,-0.0697564737441256,0.9975640502598242,0.2865321430341527,-22.87316317267197,0.2868027210884352,-21.50820108111529,1.9777777777777776
357,357,-0.0523359562429443,0.9986295347545738,0.2861868207606197,-22.87429256856948,0.285986394557823,-22.847402988600575,1.9833333333333332
358,358,-0.0348994967025008,0.9993908270190958,0.2859301583144903,-22.86935625766941,0.2858956916099772,-22.76723568822479,1.988888888888889
359,359,-0.0174524064372835,0.9998476951563912,0.2857697998202102,-22.858389974796136,0.286439909297052,-22.817636481849167,1.9944444444444445
360,360,-2.4492935982947064e-16,1.0,0.2857142857142861,-22.841434054773543,0.2861678004535146,-22.806299581707272,2.0
361,361,0.017452406437283,0.9998476951563912,0.2857194864098529,-22.88845150874175,0.2862131519274375,-22.816038405495437,2.0055555555555555
362,362,0.0348994967025012,0.9993908270190958,0.2857350701239403,-22.929780994622288,0.2866666666666665,-22.87824551361811,2.011111111111111
363,363,0.0523359562429438,0.9986295347545738,0.28576104971362,-22.965408194327104,0.286439909297052,-22.8894837315766,2.0166666666666666
364,364,0.0697564737441251,0.9975640502598244,0.2857974941890633,-22.995321361317018,0.2858956916099772,-22.70967911522516,2.022222222222222
365,365,0.0871557427476578,0.9961946980917455,0.2858445320725353,-23.01951134653937,0.286439909297052,-22.89055926711322,2.0277777777777777
366,366,0.1045284632676529,0.9945218953682734,0.2859023554657068,-23.03797162664841,0.2860317460317458,-22.90137814776884,2.033333333333333
367,367,0.1218693434051476,0.992546151641322,0.2859712249284332,-23.05069833483911,0.2862585034013604,-22.90117155256967,2.0388888888888888
368,368,0.1391731009600653,0.9902680687415704,0.2860514752929066,-23.05769029467625,0.2867573696145123,-22.86621347708798,2.0444444444444443
369,369,0.1564344650402306,0.9876883405951378,0.2861435225622623,-23.05894905735166,0.2864852607709749,-22.81788206943981,2.05
